계정,팔로워,걷힌글,열어본글,광고글,광고율%,본문에링크,조회수중앙,주소
olim.3337,72,8,4,4,100,4,10130,https://www.threads.net/@olim.3337
owl.6540509,85,10,6,6,100,4,4739,https://www.threads.net/@owl.6540509
soo877y,46,8,6,6,100,4,3221,https://www.threads.net/@soo877y
fortyfivepj,145,6,2,2,100,2,2519,https://www.threads.net/@fortyfivepj
wlslcjstk585,666,6,2,2,100,2,2211,https://www.threads.net/@wlslcjstk585
moonlight_mom_,947,6,4,1,25,1,1952,https://www.threads.net/@moonlight_mom_
jen24352,116,5,2,1,50,1,1621,https://www.threads.net/@jen24352
teri.hous,417,6,3,2,67,2,1476,https://www.threads.net/@teri.hous
j_o_o_y88,581,8,4,4,100,4,1095,https://www.threads.net/@j_o_o_y88
_soyeon0906,5940,8,4,4,100,4,962,https://www.threads.net/@_soyeon0906
iguana.1808812,217,5,1,1,100,1,688,https://www.threads.net/@iguana.1808812
ms_wow_54,18,8,4,4,100,4,675,https://www.threads.net/@ms_wow_54
green.wave77,35,7,3,3,100,3,660,https://www.threads.net/@green.wave77
bio.fooding,143,7,1,1,100,1,598,https://www.threads.net/@bio.fooding
kimjjong_0901,11,5,2,1,50,1,574,https://www.threads.net/@kimjjong_0901
dewylog_,11,8,4,2,50,2,547,https://www.threads.net/@dewylog_
bbbi_un,107,7,3,3,100,3,464,https://www.threads.net/@bbbi_un
platypus.7083491,44,7,4,3,75,3,454,https://www.threads.net/@platypus.7083491
workingmom_s_jibbab,1547,8,1,1,100,1,437,https://www.threads.net/@workingmom_s_jibbab
paws_pick,108,5,2,2,100,2,427,https://www.threads.net/@paws_pick
shooting_1005,2940,6,4,3,75,2,381,https://www.threads.net/@shooting_1005
zipbysuni,532,6,3,3,100,3,302,https://www.threads.net/@zipbysuni
helloschin,137,5,1,1,100,1,281,https://www.threads.net/@helloschin
pop200532026,74,8,5,5,100,4,266,https://www.threads.net/@pop200532026
mz_couple98,298,8,7,5,71,4,245,https://www.threads.net/@mz_couple98
lifeup_note,330,8,4,4,100,4,234,https://www.threads.net/@lifeup_note
bibibic_1213,566,7,4,2,50,2,222,https://www.threads.net/@bibibic_1213
jerry__i_u,110,5,1,1,100,1,220,https://www.threads.net/@jerry__i_u
220803jeh,274,8,4,4,100,4,205,https://www.threads.net/@220803jeh
sujin._.04,17477,8,3,3,100,3,198,https://www.threads.net/@sujin._.04
story_unofficial,389,8,4,4,100,4,190,https://www.threads.net/@story_unofficial
minha_daily24,137,8,4,4,100,4,183,https://www.threads.net/@minha_daily24
happyme0640,36,7,4,3,75,3,170,https://www.threads.net/@happyme0640
jjimtemlife,1521,8,4,3,75,3,159,https://www.threads.net/@jjimtemlife
honeyb__choa,372,6,2,2,100,2,151,https://www.threads.net/@honeyb__choa
honeybooths1,152,8,4,4,100,4,145,https://www.threads.net/@honeybooths1
pinkjane2525,126,8,4,4,100,4,138,https://www.threads.net/@pinkjane2525
salli_m81,7085,8,4,4,100,4,136,https://www.threads.net/@salli_m81
opp_o0998,83,7,3,3,100,3,123,https://www.threads.net/@opp_o0998
cristal_gold7,125,7,1,1,100,1,120,https://www.threads.net/@cristal_gold7
cap_cat2026,84,5,1,1,100,1,115,https://www.threads.net/@cap_cat2026
d_i_am_ond_,41,6,2,2,100,2,112,https://www.threads.net/@d_i_am_ond_
dayby._you,347,5,1,1,100,1,105,https://www.threads.net/@dayby._you
soyeah_110,33,8,4,4,100,4,98,https://www.threads.net/@soyeah_110
bakssaem_pick,45,6,2,2,100,2,97,https://www.threads.net/@bakssaem_pick
beauty.mompick,1616,8,4,4,100,4,96,https://www.threads.net/@beauty.mompick
hello_fio,1029,8,3,3,100,3,95,https://www.threads.net/@hello_fio
jxnsm_0827,245,5,1,1,100,1,92,https://www.threads.net/@jxnsm_0827
newday0225,1060,8,4,4,100,4,89,https://www.threads.net/@newday0225
im.gyuguy,64,8,5,4,80,3,87,https://www.threads.net/@im.gyuguy
honey.bb97,4624,8,4,4,100,4,83,https://www.threads.net/@honey.bb97
rozy_home_log,68,7,3,3,100,3,81,https://www.threads.net/@rozy_home_log
koreasan100,1529,7,3,2,67,2,78,https://www.threads.net/@koreasan100
money_charted,38,7,3,2,67,2,75,https://www.threads.net/@money_charted
arrr.jang1984,344,8,4,4,100,4,73,https://www.threads.net/@arrr.jang1984
purplejane2525,70,8,4,4,100,4,69,https://www.threads.net/@purplejane2525
jin_jin2_mom,131,5,1,1,100,1,68,https://www.threads.net/@jin_jin2_mom
googl_up,58,7,4,4,100,3,64,https://www.threads.net/@googl_up
yerin.log,7877,8,4,4,100,4,62,https://www.threads.net/@yerin.log
nice_oneho,2403,4,2,2,100,2,61,https://www.threads.net/@nice_oneho
cjsuk3235,55,5,1,1,100,1,60,https://www.threads.net/@cjsuk3235
celeb.unii,219,8,4,4,100,4,60,https://www.threads.net/@celeb.unii
silas__.o,508,6,2,2,100,2,57,https://www.threads.net/@silas__.o
spread_go,434,8,4,4,100,4,51,https://www.threads.net/@spread_go
yuyori2026,124,8,4,4,100,4,50,https://www.threads.net/@yuyori2026
1min.sallimhacking,3,5,2,1,50,1,50,https://www.threads.net/@1min.sallimhacking
taekyoung260204,1036,9,4,4,100,4,49,https://www.threads.net/@taekyoung260204
mumu__coco__,63,8,4,4,100,4,49,https://www.threads.net/@mumu__coco__
mo_sang_gong,248,4,3,2,67,2,48,https://www.threads.net/@mo_sang_gong
solsol._.honey,444,8,4,4,100,4,46,https://www.threads.net/@solsol._.honey
heute_today25,351,6,3,2,67,2,46,https://www.threads.net/@heute_today25
isaac211223,3609,7,3,3,100,3,45,https://www.threads.net/@isaac211223
ilovecooking486,8,5,1,1,100,1,45,https://www.threads.net/@ilovecooking486
dailyuse.pick,85,8,5,5,100,4,44,https://www.threads.net/@dailyuse.pick
noconceptlife,64,8,6,6,100,4,44,https://www.threads.net/@noconceptlife
dooly_0619,1001,6,2,2,100,2,43,https://www.threads.net/@dooly_0619
5959destiny,11,6,3,3,100,2,41,https://www.threads.net/@5959destiny
cococo.cafe.14,723,6,2,2,100,2,40,https://www.threads.net/@cococo.cafe.14
coscise3lee,202,6,1,1,100,1,40,https://www.threads.net/@coscise3lee
ddakjoa03,443,6,3,3,100,2,39,https://www.threads.net/@ddakjoa03
salim_talk2,2,8,4,4,100,4,36,https://www.threads.net/@salim_talk2
dearsia.story,2243,8,4,4,100,4,36,https://www.threads.net/@dearsia.story
daily_pick1004,98,7,3,3,100,3,36,https://www.threads.net/@daily_pick1004
forfuture1205,464,7,3,3,100,3,35,https://www.threads.net/@forfuture1205
ggul_itemzip,24,5,5,3,60,2,35,https://www.threads.net/@ggul_itemzip
jinhoya9984,810,8,4,4,100,4,34,https://www.threads.net/@jinhoya9984
woojooil,282,9,5,3,60,2,30,https://www.threads.net/@woojooil
youngsun1218,1561,6,2,2,100,2,30,https://www.threads.net/@youngsun1218
twoone233,85,7,3,3,100,3,30,https://www.threads.net/@twoone233
angster_yum,1114,8,5,5,100,4,30,https://www.threads.net/@angster_yum
happyzip.daily,620,6,4,2,50,1,29,https://www.threads.net/@happyzip.daily
somoon_pick,1618,8,5,3,60,2,29,https://www.threads.net/@somoon_pick
siiiooooni,14,8,4,4,100,4,29,https://www.threads.net/@siiiooooni
danbibus,550,5,1,1,100,1,28,https://www.threads.net/@danbibus
chu_try.chu,123,13,3,3,100,3,25,https://www.threads.net/@chu_try.chu
oh_salnam,1539,8,4,4,100,4,25,https://www.threads.net/@oh_salnam
love_ly777333,6,8,3,3,100,3,25,https://www.threads.net/@love_ly777333
ancco_7710,1033,8,4,4,100,4,24,https://www.threads.net/@ancco_7710
wallet_tul_2,57,6,2,2,100,2,24,https://www.threads.net/@wallet_tul_2
nanapinku,22,7,3,3,100,3,22,https://www.threads.net/@nanapinku
wise_yam,8,8,4,4,100,4,21,https://www.threads.net/@wise_yam
by_yoon._.eee,9,8,4,4,100,4,21,https://www.threads.net/@by_yoon._.eee
hyeon07070,1153,7,4,4,100,3,20,https://www.threads.net/@hyeon07070
daechung_recipe,6,8,4,4,100,4,20,https://www.threads.net/@daechung_recipe
luckylucy0419,4377,9,5,5,100,3,20,https://www.threads.net/@luckylucy0419
damdam._.2,76,7,3,3,100,3,20,https://www.threads.net/@damdam._.2
kky.shopping,100,6,2,2,100,2,20,https://www.threads.net/@kky.shopping
blingbling9103,296,12,5,5,100,4,19,https://www.threads.net/@blingbling9103
lovelyjhhi,1782,10,3,2,67,2,18,https://www.threads.net/@lovelyjhhi
jjh220808,71,8,4,4,100,4,18,https://www.threads.net/@jjh220808
pingto2026,166,8,6,6,100,4,16,https://www.threads.net/@pingto2026
jjadumom,348,8,6,5,83,4,16,https://www.threads.net/@jjadumom
arch_dotori,631,8,4,4,100,4,16,https://www.threads.net/@arch_dotori
kkoonssu_picks,6,8,6,6,100,4,15,https://www.threads.net/@kkoonssu_picks
camel040211,16,8,4,4,100,4,15,https://www.threads.net/@camel040211
masidda924,29,8,4,4,100,4,14,https://www.threads.net/@masidda924
j_blue96,360,7,3,3,100,3,14,https://www.threads.net/@j_blue96
insight_2006,149,6,2,2,100,2,14,https://www.threads.net/@insight_2006
gjung8190,17,7,4,4,100,3,14,https://www.threads.net/@gjung8190
saltdoll_0421,263,6,2,2,100,2,14,https://www.threads.net/@saltdoll_0421
trtr_______25,23,6,2,2,100,2,13,https://www.threads.net/@trtr_______25
today_lifedeal,1,6,5,5,100,3,13,https://www.threads.net/@today_lifedeal
juajuaworld,62,6,2,2,100,2,13,https://www.threads.net/@juajuaworld
mink.leader,1059,7,3,3,100,3,12,https://www.threads.net/@mink.leader
gracegrace9103,12,10,4,4,100,4,12,https://www.threads.net/@gracegrace9103
hasdilcekeu,20,7,7,5,71,3,12,https://www.threads.net/@hasdilcekeu
daily_canvas7,110,5,1,1,100,1,12,https://www.threads.net/@daily_canvas7
m_life_y1324,12,6,2,2,100,2,11,https://www.threads.net/@m_life_y1324
laavpick,212,6,2,2,100,2,11,https://www.threads.net/@laavpick
t.g.penguin,99,6,3,3,100,2,11,https://www.threads.net/@t.g.penguin
stayin_us,535,7,3,3,100,3,10,https://www.threads.net/@stayin_us
gmlgml0531,70,8,4,4,100,4,10,https://www.threads.net/@gmlgml0531
syaron8828,102,5,1,1,100,1,9,https://www.threads.net/@syaron8828
kanhell7,0,8,4,4,100,4,9,https://www.threads.net/@kanhell7
editbyyou77,0,8,4,4,100,4,8,https://www.threads.net/@editbyyou77
harrrinss,18,8,4,4,100,4,8,https://www.threads.net/@harrrinss
hyeyeo871,66,7,3,3,100,3,8,https://www.threads.net/@hyeyeo871
lonym21,38,8,4,4,100,4,7,https://www.threads.net/@lonym21
ji.woo.ji.woo,4,5,2,2,100,1,7,https://www.threads.net/@ji.woo.ji.woo
real_tmi_,39,7,3,2,67,2,7,https://www.threads.net/@real_tmi_
rego.sign,8,8,4,4,100,4,7,https://www.threads.net/@rego.sign
dailyselects_,5,7,3,3,100,3,7,https://www.threads.net/@dailyselects_
smile_sj_,250,5,1,1,100,1,6,https://www.threads.net/@smile_sj_
tto.pick_good,27,7,3,3,100,3,6,https://www.threads.net/@tto.pick_good
jonnyjeongkeonkim,389,8,6,3,50,2,6,https://www.threads.net/@jonnyjeongkeonkim
luna_jy_9807,41,8,4,4,100,4,5,https://www.threads.net/@luna_jy_9807
2siu.uu,1,3,1,1,100,1,5,https://www.threads.net/@2siu.uu
yogo_zogo,2,4,2,1,50,1,5,https://www.threads.net/@yogo_zogo
justpure.shopping,141,8,4,1,25,1,5,https://www.threads.net/@justpure.shopping
larkspur___s,46,5,1,1,100,1,5,https://www.threads.net/@larkspur___s
ledyhj0431,1,8,3,3,100,3,4,https://www.threads.net/@ledyhj0431
todayfinds.kr,6,5,1,1,100,1,4,https://www.threads.net/@todayfinds.kr
isiwagsmsbsannavsa,42,8,4,4,100,4,4,https://www.threads.net/@isiwagsmsbsannavsa
bluegalbi,12,8,4,4,100,4,4,https://www.threads.net/@bluegalbi
honey_livingitem,0,6,3,3,100,3,3,https://www.threads.net/@honey_livingitem
yu_ji__nn,66,8,4,4,100,4,2,https://www.threads.net/@yu_ji__nn
hyunhee7.kim,116,8,4,4,100,4,2,https://www.threads.net/@hyunhee7.kim
daily.recipe.lab,11,6,3,2,67,2,2,https://www.threads.net/@daily.recipe.lab
dongnezzang12,0,6,3,2,67,2,2,https://www.threads.net/@dongnezzang12
duck382424,73,6,4,4,100,2,2,https://www.threads.net/@duck382424
ddak.life,119,2,1,1,100,1,2,https://www.threads.net/@ddak.life
envy_kok,345,5,1,1,100,1,2,https://www.threads.net/@envy_kok
byeori_oh,15,7,3,3,100,3,2,https://www.threads.net/@byeori_oh
orangestore_shop,16,7,5,3,60,2,1,https://www.threads.net/@orangestore_shop
good_item_8282,0,8,5,2,40,2,1,https://www.threads.net/@good_item_8282
alligator.755630,10,8,4,4,100,4,1,https://www.threads.net/@alligator.755630
jumsuni_1006,8,7,3,3,100,3,1,https://www.threads.net/@jumsuni_1006
jio_salim,14,7,3,3,100,3,1,https://www.threads.net/@jio_salim
skyblue_j_,5,8,4,4,100,4,1,https://www.threads.net/@skyblue_j_
yul.uppick,115,8,5,5,100,4,1,https://www.threads.net/@yul.uppick
jihinam23,3,7,3,3,100,3,1,https://www.threads.net/@jihinam23
bob.omii,22,8,5,5,100,4,1,https://www.threads.net/@bob.omii
gardenia.8195,1014,7,3,3,100,3,0,https://www.threads.net/@gardenia.8195
heartattackers_official,2,8,4,4,100,4,0,https://www.threads.net/@heartattackers_official
saga45567,8,7,7,6,86,3,0,https://www.threads.net/@saga45567
whdms3402,290,7,3,3,100,3,0,https://www.threads.net/@whdms3402
la_jjintem,1,8,4,3,75,3,0,https://www.threads.net/@la_jjintem
